{"protein_1gram_tfidf": {"scale_type": "minmax", "protein_1gram_tfidf_0": [0.2176139341236434, 0.3463674194788064], "protein_1gram_tfidf_1": [0.0, 0.0], "protein_1gram_tfidf_2": [0.06995725306259036, 0.21276857362424464], "protein_1gram_tfidf_3": [0.08626428068149695, 0.2749797034763347], "protein_1gram_tfidf_4": [0.11540026457964671, 0.3588869521754366], "protein_1gram_tfidf_5": [0.12460715546314925, 0.2311200503569383], "protein_1gram_tfidf_6": [0.1598969712600434, 0.32571816801290887], "protein_1gram_tfidf_7": [0.017328605608952725, 0.14792395508001402], "protein_1gram_tfidf_8": [0.1212254060947341, 0.31472799430812737], "protein_1gram_tfidf_9": [0.13660243229572247, 0.27326902781783463], "protein_1gram_tfidf_10": [0.34546278434868116, 0.46539768289777644], "protein_1gram_tfidf_11": [0.07601032732357635, 0.1364450377950604], "protein_1gram_tfidf_12": [0.12167261997287557, 0.22834112805783324], "protein_1gram_tfidf_13": [0.1365085541916156, 0.36189259160429293], "protein_1gram_tfidf_14": [0.11214356488594604, 0.26818621461350545], "protein_1gram_tfidf_15": [0.19303935729524088, 0.27623671144544687], "protein_1gram_tfidf_16": [0.20618723065896502, 0.4225244606038546], "protein_1gram_tfidf_17": [0.16699153659097007, 0.301577102426919], "protein_1gram_tfidf_18": [0.0, 0.0], "protein_1gram_tfidf_19": [0.2038190285200719, 0.34604118061146233], "protein_1gram_tfidf_20": [0.04373468702483609, 0.11582339117726348], "protein_1gram_tfidf_21": [0.0, 0.0], "protein_1gram_tfidf_22": [0.084768529343923, 0.18765915929207103]}}